{"layer_number": 1, "starting_n": 1, "best_R": 0.6285217319124142, "best_param": [["tanh", 5], ["tanh", 5], "tanh"], "cumulative_time": 27.043639421463013}