{"layer_number": 2, "starting_n": 409, "best_R": 0.9621795968821547, "best_param": [["tanh", 18], ["linear", 18], ["tanh", 18], "linear"], "cumulative_time": 168194.29240369797}