{"layer_number": 2, "starting_n": 1, "best_R": 0.6303263868567626, "best_param": [["tanh", 5], ["tanh", 5], ["tanh", 5], "tanh"], "cumulative_time": 35302.06272268295}