{"layer_number": 2, "starting_n": 14, "best_R": 0.9271471082231385, "best_param": [["tanh", 18], ["tanh", 5], ["tanh", 5], "linear"], "cumulative_time": 2123.3812980651855}