{"layer_number": 1, "starting_n": 1, "best_R": 0.6360996609691408, "best_param": [["tanh", 5], ["tanh", 5], "tanh"], "cumulative_time": 28.943753004074097}