{"layer_number": 2, "starting_n": 227, "best_R": 0.9536375075626939, "best_param": [["tanh", 18], ["tanh", 10], ["linear", 10], "linear"], "cumulative_time": 38700.71310997009}