{"layer_number": 2, "starting_n": 3, "best_R": 0.19862413787841796, "best_param": [["linear", 100], ["linear", 100], ["linear", 100], "tanh"], "cumulative_time": 88.91110515594482}