{"layer_number": 2, "starting_n": 73, "best_R": 0.27178049182891845, "best_param": [["linear", 50], ["linear", 50], ["linear", 50], "tanh"], "cumulative_time": 3583.7763199806213}