{"layer_number": 2, "starting_n": 1842, "best_R": 0.29577236890792846, "best_param": [["linear", 100], ["tanh", 120], ["relu", 120], "linear"], "cumulative_time": 108042.29676628113}