{"layer_number": 2, "starting_n": 292, "best_R": 0.29465221405029296, "best_param": [["linear", 100], ["tanh", 18], ["relu", 50], "tanh"], "cumulative_time": 45733.0949382782}