{"layer_number": 2, "starting_n": 1544, "best_R": 0.2966370825767517, "best_param": [["tanh", 50], ["linear", 50], ["relu", 100], "linear"], "cumulative_time": 1113507.538911581}