{"layer_number": 1, "starting_n": 32, "best_R": 0.9642128932817009, "best_param": [["tanh", 18], ["tanh", 18], "linear"], "cumulative_time": 4841.509743690491}