{"layer_number": 1, "starting_n": 14, "best_R": 0.9544810603196339, "best_param": [["tanh", 18], ["tanh", 5], "linear"], "cumulative_time": 498.2835114002228}