{"layer_number": 1, "starting_n": 1, "best_R": 0.6820897249614492, "best_param": [["tanh", 5], ["tanh", 5], "tanh"], "cumulative_time": 58.341623306274414}