{"layer_number": 1, "starting_n": 72, "best_R": 0.9620589137849329, "best_param": [["tanh", 10], ["tanh", 18], "linear"], "cumulative_time": 4060.8181924819946}